S.no,Date,Batch,URL,Vulnerabilities,Critical,High,Medium,Low,Total,Ministry,Patched_Status,
1,10-04-2024,1,abc.nic.in,"1
2
3
4",1,"0
1","0

1","0


1",4,Meity,"0
0
0
0",
2,11-04-2024,2,def.nic.in,"5
6
7
8",1,"0
1","0

1","0


1",5,Ranger,"1
1
1
1",
3,12-04-2024,3,ghi.nic.in,"5
6
7
8",1,"0
1","0

1","0


1",6,Delta,"1
1
1
2",
4,13-04-2024,4,jkl.nic.in,"5
6
7
8",1,"0
1","0

1","0


1",7,Alfa,"1
1
1
3",
5,14-04-2024,5,omn.nic.in,"5
6
7
8",1,"0
1","0

1","0


1",8,Beeta,"1
1
1
4",
6,15-04-2024,6,pqr.nic.in,"5
6
7
8",1,"0
1","0

1","0


1",9,Gama,"1
1
1
5",
7,16-04-2024,7,stu.nic.in,"5
6
7
8",1,"0
1","0

1","0


1",6,Theta,"1
1
1
6",
8,17-04-2024,8,vwx.nic.in,"5
6
7
8",1,"0
1","0

1","0


1",5,Lamba,"1
1
1
7",
9,18-04-2024,9,yza.nic.in,"5
6
7
8",1,"0
1","0

1","0


1",8,Phie,"1
1
1
8",
10,19-04-2024,10,zab.nic.in,"5
6
7
8",1,"0
1","0

1","0


1",13,Aphsilum,"1
1
1
9",
